time,B
0.0,0.05941862460046373
3.987987987987988,0.03243918594378337
7.975975975975976,0.24482615492977228
12.012012012012011,1.8331570082144877
16.0,3.5858548374647796
19.98798798798799,4.454215165716751
23.975975975975977,5.213944309839263
28.01201201201201,4.607051917370045
32.0,5.035079704004494
35.987987987987985,5.088830444826097
39.97597597597598,4.657881902164966
44.012012012012015,4.676904224019542
48.0,5.070358496196444
