time,B
0.0,0.09154938778287676
3.987987987987988,0.17383910077895837
7.975975975975976,2.487658225541256
12.012012012012011,5.601574235385922
16.0,6.741032603463997
19.98798798798799,7.827731764768038
23.975975975975977,8.483255473019799
28.01201201201201,9.305510261116316
32.0,9.121325348548881
35.987987987987985,8.999973449725445
39.97597597597598,9.94559488548478
44.012012012012015,10.008398237577786
48.0,10.145675796028533
