time,B
0.0,0.10477882730649994
3.987987987987988,0.0010559373006220987
7.975975975975976,4.928558620981794
12.012012012012011,7.486506183447338
16.0,8.764901952880617
19.98798798798799,9.200881089445513
23.975975975975977,9.680509836078317
28.01201201201201,9.724111693188496
32.0,10.058348006501559
35.987987987987985,9.841645089251156
39.97597597597598,10.221952974860242
44.012012012012015,9.761913566948376
48.0,9.845875563835472
