time,B
0.0,0.10003528830134165
3.987987987987988,0.12378603847264884
7.975975975975976,0.29851688388349296
12.012012012012011,0.6124998769902201
16.0,2.4872151677545156
19.98798798798799,2.6845832675225005
23.975975975975977,4.049684883564003
28.01201201201201,4.132972884332342
32.0,4.4178217770342565
35.987987987987985,4.424129799453062
39.97597597597598,4.575674896370977
44.012012012012015,4.492494963763387
48.0,5.042477656094307
