time,B
0.0,0.19539234562313734
3.987987987987988,0.2779771221561284
7.975975975975976,4.782679084451829
12.012012012012011,7.695253302802565
16.0,8.638920256993988
19.98798798798799,10.068564764063265
23.975975975975977,9.771893527990473
28.01201201201201,9.766074610781745
32.0,9.771636547315907
35.987987987987985,9.741328028636595
39.97597597597598,10.254511279938015
44.012012012012015,9.78610861712071
48.0,10.015206566912964
