time,B
0.0,0.5900498343353935
3.987987987987988,0.6020884589334081
7.975975975975976,2.293891968985253
12.012012012012011,5.1235773990747475
16.0,6.207362167461668
19.98798798798799,7.637070537276994
23.975975975975977,8.632232828229437
28.01201201201201,8.776431868004604
32.0,9.48110633352646
35.987987987987985,9.596915791033005
39.97597597597598,9.674311540321838
44.012012012012015,9.880527147349609
48.0,9.929383743361324
