time,B
0.0,0.12159208964547695
3.987987987987988,0.2462734469696091
7.975975975975976,0.19202822519921844
12.012012012012011,1.318366837872463
16.0,2.5537485789706498
19.98798798798799,3.1989915955519637
23.975975975975977,3.848379545818031
28.01201201201201,3.9449664938773834
32.0,4.252760815246755
35.987987987987985,4.968822520193124
39.97597597597598,4.614222306643472
44.012012012012015,5.129134868989082
48.0,4.6794104140856545
